date,symbol,trailing_pe,forward_pe
2026-09-27,0050.TW,34.078514,
2026-09-27,2330.TW,28.98466,17.31235
2026-09-27,NVDA,28.489874,14.351548
2026-09-27,QQQ,30.344782,
2026-09-27,SOXX,42.096794,
2026-09-27,TSM,33.552494,20.552242
2026-09-27,VOO,25.001913,
2026-09-27,^TWII,,
2026-09-29,0050.TW,33.745007,
2026-09-29,2330.TW,28.98466,17.312885
2026-09-29,NVDA,28.500624,14.593216
2026-09-29,QQQ,30.019936,
2026-09-29,SOXX,41.22278,
2026-09-29,TSM,33.546665,20.655779
2026-09-29,VOO,24.749357,
2026-09-29,^TWII,,
