year,quarter,revenue,gross_profit,net_profit,eps
2024,1,592644201.0,314505269.0,225221263.0,8.7
2024,2,673510177.0,358124478.0,247661438.0,9.56
2024,3,759692143.0,439345666.0,325080170.0,12.55
2024,4,868461178.0,512378151.0,374468888.0,14.439999999999998
2025,1,839253664.0,493395076.0,360732661.0,13.95
2025,2,933791869.0,547369238.0,397493424.0,15.36
2025,3,989918318.0,588542829.0,451755362.0,17.44
2025,4,1046090421.0,651986836.0,505415333.0,19.510000000000005
2026,1,1134103440.0,751295421.0,572801304.0,22.08
2026,2,1270380250.0,860310695.0,706780923.0,27.25
